product_id,product_name,category,unit_price
P01,Wireless Mouse,Electronics,24.99
P02,USB-C Cable,Electronics,9.5
P03,Notebook A5,Stationery,4.2
P04,Desk Lamp,Home,32.0
P05,Water Bottle,Home,14.75
P06,Coffee Mug,Home,8.3
P07,Mechanical Keyboard,Electronics,79.0
P08,Gel Pen 5-pack,Stationery,6.4
